<?xml version="1.0" ?>
<config xmlns:xsi="http://www.w3.org/2001/XMLSchema-instance" xsi:noNamespaceSchemaLocation="urn:magento:module:Magento_Config:etc/system_file.xsd">
    <system>
        <tab id="tes" sortOrder="999" translate="label">
            <label>Fact</label>
        </tab>
        <section id="tab" showInDefault="1" showInStore="1" showInWebsite="1" sortOrder="10" translate="label">
            <label>Configuration</label>
            <tab>tes</tab>
            <resource>Anees_ProductTabs::config_anees_producttabs</resource>
            <group id="fa" showInDefault="1" showInStore="1" showInWebsite="1" sortOrder="10" translate="label">
                <label>Settings</label>
                <field id="enabled" translate="label comment" type="select" sortOrder="20" showInDefault="1" showInWebsite="1" showInStore="1">
                    <label>Enable Extension</label>
                    <source_model>Magento\Config\Model\Config\Source\Yesno</source_model>
                </field>
            </group>
            <group id="title" showInDefault="1" showInStore="1" showInWebsite="1" sortOrder="20" translate="label">
                <label>Title</label>
                 <field id="title" showInWebsite="1" showInStore="1" showInDefault="1" translate="lable" type="file" sortOrder="20">
                     <label>Title</label>
                     <comment/>
                 </field>
            </group>
        </section>
    </system>
</config>
