<?xml version="1.0" ?>
<config xmlns:xsi="http://www.w3.org/2001/XMLSchema-instance" xsi:noNamespaceSchemaLocation="urn:magento:framework:ObjectManager/etc/config.xsd">
	<preference for="Magento\Catalog\Model\Product" type="Anees\DependencyInj\Rewrite\Magento\Catalog\Model\Product"/>
    <preference for="Magento\Customer\Model\Customer" type="Anees\DependencyInj\Rewrite\Magento\Customer\Model\Customer"/>
    <type name="Magento\Customer\Model\Visitor">
        <arguments>
            <argument name="ignoredUserAgents" xsi:type="array">
                <item name="google1" xsi:type="string">1Googlebot/1.0 (googlebot@googlebot.com http://googlebot.com/)</item>
                <item name="google2" xsi:type="string">2Mozilla/5.0 (compatible; Googlebot/2.1; +http://www.google.com/bot.html)</item>
                <item name="google3" xsi:type="string">3Googlebot/2.1 (+http://www.googlebot.com/bot.html)</item>
            </argument>
        </arguments>
    </type>

</config>
